{"hf-cerebras-qwen": 1779921786.5158203, "hf-cerebras-qwen-t2": 1779921786.7410674, "hf-cerebras": 1779921786.9645295, "hf-cerebras-t2": 1779921787.1926904, "hf-hyperbolic": 1779921787.420392, "hf-hyperbolic-t2": 1779921787.647766, "hf-cerebras-fast": 1779921787.871909, "hf-cerebras-fast-t2": 1779921788.0986261}